pack,artifact,status,due_date
Workforce optimization,Sales deck,Done,
Workforce optimization,Sales one-pager,Done,
Workforce optimization,Feature list,Done,15.09.26
Workforce optimization,Demo video,In progress,
Workforce optimization,Package for Oracle Marketplace,To do,
Workforce optimization,Oracle Marketplace listing,To do,
Large document extraction and validation,Sales deck,Done,15.09.26
Large document extraction and validation,Sales one-pager,Done,15.09.26
Large document extraction and validation,Feature list,Done,15.09.26
Large document extraction and validation,Demo video,Done,
Large document extraction and validation,Package for Oracle Marketplace,,
Large document extraction and validation,Oracle Marketplace listing,,
AI Signal-Impact Engine,Sales deck,Done,
AI Signal-Impact Engine,Sales one-pager,Done,
AI Signal-Impact Engine,Feature list,Done,
AI Signal-Impact Engine,Demo video,N/A,
AI Signal-Impact Engine,Package for Oracle Marketplace,,
AI Signal-Impact Engine,Oracle Marketplace listing,,
