id,block,item,status,l1_pattern,l2_pattern
internal-policy-qa,Enterprise knowledge assistant,Internal policy Q&A,Roadmap,Enterprise knowledge assistant,Employee knowledge assistant
new-hire-onboarding-qa,Enterprise knowledge assistant,New-hire onboarding Q&A,Roadmap,Enterprise knowledge assistant,Employee knowledge assistant
sales-enablement-lookup,Enterprise knowledge assistant,Sales enablement lookup,Roadmap,Enterprise knowledge assistant,Employee knowledge assistant
compliance-policy-check,Enterprise knowledge assistant,Compliance policy check,Roadmap,Enterprise knowledge assistant,Employee knowledge assistant
billing-inquiry-resolution,Enterprise knowledge assistant,Billing inquiry resolution,Roadmap,Enterprise knowledge assistant,Customer self-service assistant
account-terms-explainer,Enterprise knowledge assistant,Account terms explainer,Roadmap,Enterprise knowledge assistant,Customer self-service assistant
guided-product-troubleshooting,Enterprise knowledge assistant,Guided product troubleshooting,Roadmap,Enterprise knowledge assistant,Customer self-service assistant
voice-front-door,Enterprise knowledge assistant,Voice front door,Roadmap,Enterprise knowledge assistant,Customer self-service assistant
ar-equipment-guidance,Enterprise knowledge assistant,AR equipment guidance,Roadmap,Enterprise knowledge assistant,Technical corpus assistant
fault-code-diagnosis,Enterprise knowledge assistant,Fault-code diagnosis,Roadmap,Enterprise knowledge assistant,Technical corpus assistant
engineering-archive-search,Enterprise knowledge assistant,Engineering archive search,Roadmap,Enterprise knowledge assistant,Technical corpus assistant
live-answer-suggestions,Real-time human augmentation,Live answer suggestions,Roadmap,Real-time human augmentation,Contact-center agent assist
compliant-collections-prompts,Real-time human augmentation,Compliant collections prompts,Roadmap,Real-time human augmentation,Contact-center agent assist
guided-sales-disclosures,Real-time human augmentation,Guided sales disclosures,Roadmap,Real-time human augmentation,Contact-center agent assist
meeting-notes-capture,Real-time human augmentation,Meeting notes capture,Roadmap,Real-time human augmentation,"Ambient scribe (meetings, clinical)"
clinical-visit-notes,Real-time human augmentation,Clinical visit notes,Roadmap,Real-time human augmentation,"Ambient scribe (meetings, clinical)"
interview-scorecard-summary,Real-time human augmentation,Interview scorecard summary,Roadmap,Real-time human augmentation,"Ambient scribe (meetings, clinical)"
business-metrics-qa,Data analysis & decision agents,Business metrics Q&A,WinP,Data analysis & decision agents,Conversational analytics (NL to SQL)
cross-system-erp-qa,Data analysis & decision agents,Cross-system ERP Q&A,WinP,Data analysis & decision agents,Conversational analytics (NL to SQL)
ops-metrics-self-service,Data analysis & decision agents,Ops metrics self-service,Roadmap,Data analysis & decision agents,Conversational analytics (NL to SQL)
sku-sales-comparison,Data analysis & decision agents,SKU sales comparison,Roadmap,Data analysis & decision agents,Conversational analytics (NL to SQL)
financial-what-if-modeling,Data analysis & decision agents,Financial what-if modeling,Roadmap,Data analysis & decision agents,"Code-executing analyst (what-ifs, forecasts)"
supply-reallocation-scenarios,Data analysis & decision agents,Supply reallocation scenarios,Roadmap,Data analysis & decision agents,"Code-executing analyst (what-ifs, forecasts)"
marketing-budget-simulation,Data analysis & decision agents,Marketing budget simulation,Roadmap,Data analysis & decision agents,"Code-executing analyst (what-ifs, forecasts)"
churn-risk-scoring,Data analysis & decision agents,Churn risk scoring,Roadmap,Data analysis & decision agents,Predictive scoring & forecasting
demand-forecast-refresh,Data analysis & decision agents,Demand forecast refresh,Roadmap,Data analysis & decision agents,Predictive scoring & forecasting
fraud-risk-scoring,Data analysis & decision agents,Fraud risk scoring,Roadmap,Data analysis & decision agents,Predictive scoring & forecasting
workforce-optimization,Data analysis & decision agents,Workforce optimization,Available,Data analysis & decision agents,Route & schedule optimization
fleet-route-optimization,Data analysis & decision agents,Fleet route optimization,WinP,Data analysis & decision agents,Route & schedule optimization
warehouse-pick-path-optimization,Data analysis & decision agents,Warehouse pick-path optimization,Roadmap,Data analysis & decision agents,Route & schedule optimization
account-insights,Deep research & investigation,Account insights,Available,Deep research & investigation,Company research agent
vendor-due-diligence,Deep research & investigation,Vendor due diligence,Roadmap,Deep research & investigation,Company research agent
credit-risk-profiling,Deep research & investigation,Credit risk profiling,Roadmap,Deep research & investigation,Company research agent
competitor-market-scans,Deep research & investigation,Competitor market scans,Roadmap,Deep research & investigation,Company research agent
complaint-evidence-assembly,Deep research & investigation,Complaint evidence assembly,WinP,Deep research & investigation,Case investigation (event-triggered)
plan-vs-actual-investigation,Deep research & investigation,Plan-vs-actual investigation,WinP,Deep research & investigation,Case investigation (event-triggered)
financial-crime-case-file,Deep research & investigation,Financial crime case file,Roadmap,Deep research & investigation,Case investigation (event-triggered)
hr-grievance-chronology,Deep research & investigation,HR grievance chronology,Roadmap,Deep research & investigation,Case investigation (event-triggered)
quality-complaint-investigation,Deep research & investigation,Quality complaint investigation,Roadmap,Deep research & investigation,Case investigation (event-triggered)
rfp-first-draft,Deep research & investigation,RFP first draft,Roadmap,Deep research & investigation,RFP and bid response drafting
security-questionnaire-autofill,Deep research & investigation,Security questionnaire autofill,Roadmap,Deep research & investigation,RFP and bid response drafting
proposal-skeleton-assembly,Deep research & investigation,Proposal skeleton assembly,Roadmap,Deep research & investigation,RFP and bid response drafting
executive-monday-brief,Deep research & investigation,Executive Monday brief,Roadmap,Deep research & investigation,Scheduled intelligence briefs & reporting
weekly-pipeline-narrative,Deep research & investigation,Weekly pipeline narrative,Roadmap,Deep research & investigation,Scheduled intelligence briefs & reporting
regulatory-change-digest,Deep research & investigation,Regulatory change digest,Roadmap,Deep research & investigation,Scheduled intelligence briefs & reporting
it-access-fulfillment,Task & transaction agents,IT access fulfillment,Roadmap,Task & transaction agents,Employee service fulfillment
hr-request-execution,Task & transaction agents,HR request execution,Roadmap,Task & transaction agents,Employee service fulfillment
facilities-booking-execution,Task & transaction agents,Facilities booking execution,Roadmap,Task & transaction agents,Employee service fulfillment
plan-change-execution,Task & transaction agents,Plan change execution,Roadmap,Task & transaction agents,Customer transaction agent
travel-rebooking-execution,Task & transaction agents,Travel rebooking execution,Roadmap,Task & transaction agents,Customer transaction agent
order-returns-processing,Task & transaction agents,Order returns processing,Roadmap,Task & transaction agents,Customer transaction agent
supplier-terms-negotiation,Task & transaction agents,Supplier terms negotiation,Roadmap,Task & transaction agents,Customer transaction agent
voice-collections-negotiation,Task & transaction agents,Voice collections negotiation,Roadmap,Task & transaction agents,Customer transaction agent
reconciliation-break-resolution,Task & transaction agents,Reconciliation break resolution,Roadmap,Task & transaction agents,Back-office exception worker (queues)
stuck-order-repair,Task & transaction agents,Stuck order repair,Roadmap,Task & transaction agents,Back-office exception worker (queues)
pended-claims-resolution,Task & transaction agents,Pended claims resolution,Roadmap,Task & transaction agents,Back-office exception worker (queues)
employee-onboarding-orchestration,Task & transaction agents,Employee onboarding orchestration,Roadmap,Task & transaction agents,Long-running stateful orchestrator
customer-kyc-onboarding,Task & transaction agents,Customer KYC onboarding,Roadmap,Task & transaction agents,Long-running stateful orchestrator
supplier-onboarding-coordination,Task & transaction agents,Supplier onboarding coordination,Roadmap,Task & transaction agents,Long-running stateful orchestrator
sourcing-event-to-award,Task & transaction agents,Sourcing event to award,Roadmap,Task & transaction agents,Long-running stateful orchestrator
large-document-extraction-and-validation,Per-item processing pipelines,Large document extraction & validation,Available,Per-item processing pipelines,Extract to system of record (IDP)
claims-intake-extraction,Per-item processing pipelines,Claims intake extraction,Roadmap,Per-item processing pipelines,Extract to system of record (IDP)
invoice-to-po-capture,Per-item processing pipelines,Invoice-to-PO capture,Roadmap,Per-item processing pipelines,Extract to system of record (IDP)
customs-document-extraction,Per-item processing pipelines,Customs document extraction,Roadmap,Per-item processing pipelines,Extract to system of record (IDP)
inbound-mail-triage,Per-item processing pipelines,Inbound mail triage,Roadmap,Per-item processing pipelines,Classify and route intake
claims-severity-triage,Per-item processing pipelines,Claims severity triage,Roadmap,Per-item processing pipelines,Classify and route intake
support-ticket-routing,Per-item processing pipelines,Support ticket routing,Roadmap,Per-item processing pipelines,Classify and route intake
price-variance-check,Per-item processing pipelines,Price variance check,Roadmap,Per-item processing pipelines,"Review, compare, verify (coded rules)"
expense-policy-screening,Per-item processing pipelines,Expense policy screening,Roadmap,Per-item processing pipelines,"Review, compare, verify (coded rules)"
contract-playbook-diff,Per-item processing pipelines,Contract playbook diff,Roadmap,Per-item processing pipelines,"Review, compare, verify (coded rules)"
label-artwork-verification,Per-item processing pipelines,Label artwork verification,Roadmap,Per-item processing pipelines,"Review, compare, verify (coded rules)"
knowledge-base-localization,Per-item processing pipelines,Knowledge base localization,Roadmap,Per-item processing pipelines,"Transform at scale (summarize, translate)"
bulk-legal-summarization,Per-item processing pipelines,Bulk legal summarization,Roadmap,Per-item processing pipelines,"Transform at scale (summarize, translate)"
voice-of-customer-summaries,Per-item processing pipelines,Voice-of-customer summaries,Roadmap,Per-item processing pipelines,"Transform at scale (summarize, translate)"
visual-inspection-and-classification,Per-item processing pipelines,Visual inspection & classification,WinP,Per-item processing pipelines,"Media processing (video, images)"
footage-scene-indexing,Per-item processing pipelines,Footage scene indexing,Roadmap,Per-item processing pipelines,"Media processing (video, images)"
cctv-incident-search,Per-item processing pipelines,CCTV incident search,Roadmap,Per-item processing pipelines,"Media processing (video, images)"
near-miss-detection,Per-item processing pipelines,Near-miss detection,Roadmap,Per-item processing pipelines,"Media processing (video, images)"
on-brand-campaign-copy,Per-item processing pipelines,On-brand campaign copy,Roadmap,Per-item processing pipelines,Net-new content generation
bulk-product-listings,Per-item processing pipelines,Bulk product listings,Roadmap,Per-item processing pipelines,Net-new content generation
training-content-drafting,Per-item processing pipelines,Training content drafting,Roadmap,Per-item processing pipelines,Net-new content generation
pharma-promo-drafting,Per-item processing pipelines,Pharma promo drafting,Roadmap,Per-item processing pipelines,Net-new content generation
automated-incident-rca,Closed-loop ops agents,Automated incident RCA,Roadmap,Closed-loop ops agents,ITOps / AIOps incident RCA
network-incident-remediation,Closed-loop ops agents,Network incident remediation,Roadmap,Closed-loop ops agents,ITOps / AIOps incident RCA
incident-pattern-detection,Closed-loop ops agents,Incident pattern detection,Roadmap,Closed-loop ops agents,ITOps / AIOps incident RCA
cve-exposure-triage,Closed-loop ops agents,CVE exposure triage,Roadmap,Closed-loop ops agents,SecOps investigation
alert-to-verdict-investigation,Closed-loop ops agents,Alert-to-verdict investigation,Roadmap,Closed-loop ops agents,SecOps investigation
patch-priority-briefing,Closed-loop ops agents,Patch priority briefing,Roadmap,Closed-loop ops agents,SecOps investigation
order-to-cash-monitoring,Closed-loop ops agents,Order-to-cash monitoring,Roadmap,Closed-loop ops agents,Business-process watchdog (exceptions)
shipment-exception-alerts,Closed-loop ops agents,Shipment exception alerts,Roadmap,Closed-loop ops agents,Business-process watchdog (exceptions)
payroll-anomaly-hold,Closed-loop ops agents,Payroll anomaly hold,Roadmap,Closed-loop ops agents,Business-process watchdog (exceptions)
