pack_slug,pack_name_current,roadmap_item_id,site_slug,tracker_name,older_names
workforce-optimization,Workforce optimization,workforce-optimization,workforce-optimization,Workforce optimization,Technician shift scheduling; Workforce shift scheduling; Workforce Scheduling Optimizer
large-document-extraction,Large docs processing and review,large-document-extraction-and-validation,large-document-extraction,Large document extraction and validation,Contract metadata extraction; Intelligent Document Extraction; Enterprise document processing workflow; Large Document Extraction and review package
account-insights,Account insights,account-insights,account-insights,AI Signal-Impact Engine,Account insight briefings; AI Signal-Impact Engine
,,complaint-evidence-assembly,case-evidence-collection,,Case evidence collection
,,plan-vs-actual-investigation,plan-vs-actual-investigation,,Plan vs actual investigation
,,cross-system-erp-qa,cross-system-erp-qa,,
,,business-metrics-qa,business-metrics-qa,,
,,fleet-route-optimization,,,
,,visual-inspection-and-classification,,,
